h7;h9;h10;h11;h13;h14;h15;h16;condition
0;518;1113;1953;1062;910;470;195;fingers worn
0;485;1154;1676;1326;734;442;232;fingers worn
0;554;1110;1651;1261;758;639;113;fingers worn
1;432;1053;1932;1153;841;435;192;fingers worn
0;499;1186;1811;1355;766;441;211;fingers worn
0;480;1112;1860;1215;714;537;118;fingers worn
0;617;1015;1879;1246;901;448;189;fingers worn
0;547;1066;1804;1306;693;430;241;fingers worn
0;490;1092;1749;1334;818;482;127;fingers worn
0;383;1170;1921;1143;865;534;160;fingers worn
0;631;928;1709;1340;780;566;209;fingers worn
0;412;1266;1682;1257;726;521;190;fingers worn
0;428;1138;1886;1170;837;569;124;fingers worn
0;496;1150;1854;1214;702;469;202;fingers worn
0;485;1152;1707;1340;831;521;182;fingers worn
0;415;1255;1665;1227;898;579;114;fingers worn
0;448;888;1950;1213;776;464;232;fingers worn
0;413;1277;1657;1322;722;536;182;fingers worn
0;405;1184;1704;1317;836;537;117;fingers worn
0;396;1220;1972;1246;875;400;175;fingers worn
0;391;1234;1756;1186;641;552;195;fingers worn
0;416;1211;1821;1297;852;522;104;fingers worn
0;302;1268;2002;1220;716;466;195;fingers worn
0;399;1330;1728;1262;731;529;161;fingers worn
0;340;1293;1947;1161;855;418;169;fingers worn
0;383;1362;1969;1206;658;506;182;fingers worn
0;367;1327;1819;1150;607;453;270;fingers worn
0;350;1403;1812;1227;812;555;130;fingers worn
0;348;1329;1996;1240;698;472;206;fingers worn
0;444;1272;1834;1086;609;520;331;fingers worn
0;460;1527;1823;1018;754;557;250;fingers worn
0;431;1301;2030;1253;759;429;202;fingers worn
0;475;1324;1963;1319;523;387;294;fingers worn
0;475;1351;1764;1060;688;604;356;fingers worn
0;387;1343;2016;1122;849;536;252;fingers worn
0;446;1184;1945;1323;630;459;319;fingers worn
0;477;1318;1666;1247;641;515;397;fingers worn
0;409;1156;1986;1092;895;524;277;fingers worn
0;528;1348;2072;1111;740;511;255;fingers worn
0;553;1349;1878;1221;467;430;425;fingers worn
0;543;1419;1797;1120;644;531;272;fingers worn
0;502;1239;2065;1076;867;483;258;fingers worn
0;631;1273;1896;1259;755;480;227;fingers worn
1;455;1290;1911;1143;436;488;411;fingers worn
0;597;1329;1785;1029;750;484;360;fingers worn
2;547;1219;1892;1090;907;402;182;fingers worn
0;576;1393;1830;1352;551;441;239;fingers worn
0;568;1345;1763;947;519;533;458;fingers worn
0;611;1120;1844;1002;900;583;234;fingers worn
1;521;1244;1851;1258;751;501;205;fingers worn
0;498;1271;1765;1411;561;486;380;fingers worn
0;491;1186;1842;1165;683;543;415;fingers worn
0;646;1201;2054;1061;928;394;238;fingers worn
0;629;1326;1908;1211;591;474;214;fingers worn
1;638;1365;1592;1395;510;466;332;fingers worn
0;604;1357;1750;994;804;546;379;fingers worn
0;681;1114;1882;1178;858;540;265;fingers worn
0;579;1214;1772;1345;540;440;309;fingers worn
0;709;1286;1565;1319;559;496;420;fingers worn
1;756;1230;1868;969;698;520;392;fingers worn
0;732;1270;1989;1082;885;483;159;fingers worn
0;707;1462;1577;1294;564;443;257;fingers worn
2;799;1244;1528;1251;520;503;424;fingers worn
0;694;1127;1906;1061;662;532;493;fingers worn
0;746;1156;1873;1036;1007;526;223;fingers worn
0;674;1352;1636;1381;706;464;201;fingers worn
0;756;1312;1590;1446;537;465;353;fingers worn
0;667;1333;1843;1000;683;531;478;fingers worn
0;755;1209;1857;977;957;485;261;fingers worn
0;701;1344;1751;1248;732;490;193;fingers worn
0;672;1269;1555;1341;673;514;290;fingers worn
2;679;1279;1751;1204;697;533;422;fingers worn
1;728;1254;1784;983;939;495;244;fingers worn
1;731;1442;1704;1077;629;525;215;fingers worn
1;716;1463;1593;1241;557;461;266;fingers worn
0;890;1331;1703;1113;695;505;420;fingers worn
0;778;1189;1921;995;900;503;214;fingers worn
0;766;1307;1728;1200;674;483;213;fingers worn
1;640;1389;1502;1266;556;531;359;fingers worn
0;789;1342;1670;1092;738;509;472;fingers worn
0;0;0;161;0;0;0;0;friction material loss
0;0;0;272;0;0;0;0;friction material loss
0;0;0;183;0;0;0;0;friction material loss
0;0;0;265;0;0;0;0;friction material loss
0;0;0;230;0;0;0;0;friction material loss
0;0;0;214;0;0;0;0;friction material loss
0;0;0;192;0;0;0;0;friction material loss
0;0;0;172;0;0;0;0;friction material loss
0;0;0;131;0;0;0;0;friction material loss
0;0;0;274;0;0;0;0;friction material loss
0;0;0;162;0;0;0;0;friction material loss
0;0;0;245;0;0;0;0;friction material loss
0;0;0;264;0;0;0;0;friction material loss
0;0;0;172;0;0;0;0;friction material loss
0;0;0;274;0;0;0;0;friction material loss
0;0;0;193;0;0;0;0;friction material loss
0;0;0;285;0;0;0;0;friction material loss
0;0;0;222;0;0;0;0;friction material loss
0;0;0;260;0;0;0;0;friction material loss
0;0;0;179;0;0;0;0;friction material loss
0;0;0;224;0;0;0;0;friction material loss
0;0;0;118;0;0;0;0;friction material loss
0;0;0;209;0;0;0;0;friction material loss
0;0;0;261;0;0;0;0;friction material loss
0;0;0;188;0;0;0;0;friction material loss
0;0;0;125;0;0;0;0;friction material loss
0;0;0;194;0;0;0;0;friction material loss
0;0;0;263;0;0;0;0;friction material loss
0;0;0;199;0;0;0;0;friction material loss
0;0;0;204;0;0;0;0;friction material loss
0;0;0;143;0;0;0;0;friction material loss
0;0;0;165;0;0;0;0;friction material loss
0;0;0;263;0;0;0;0;friction material loss
0;0;0;225;0;0;0;0;friction material loss
0;0;0;83;0;0;0;0;friction material loss
0;0;0;205;0;0;0;0;friction material loss
0;0;0;176;0;0;0;0;friction material loss
0;0;0;204;0;0;0;0;friction material loss
0;0;0;230;0;0;0;0;friction material loss
0;0;0;165;0;0;0;0;friction material loss
0;0;0;258;0;0;0;0;friction material loss
0;0;0;176;0;0;0;0;friction material loss
0;0;0;205;0;0;0;0;friction material loss
0;0;0;170;0;0;0;0;friction material loss
0;0;0;233;0;0;0;0;friction material loss
0;0;0;203;0;0;0;0;friction material loss
0;0;0;214;0;0;0;0;friction material loss
0;0;0;117;0;0;0;0;friction material loss
0;0;0;225;0;0;0;0;friction material loss
0;0;0;169;0;0;0;0;friction material loss
0;0;0;241;0;0;0;0;friction material loss
0;0;0;235;0;0;0;0;friction material loss
0;0;0;178;0;0;0;0;friction material loss
0;0;0;213;0;0;0;0;friction material loss
0;0;0;208;0;0;0;0;friction material loss
0;0;0;261;0;0;0;0;friction material loss
0;0;0;213;0;0;0;0;friction material loss
0;0;0;159;0;0;0;0;friction material loss
0;0;0;162;0;0;0;0;friction material loss
0;0;0;189;0;0;0;0;friction material loss
0;0;0;65;0;0;0;0;friction material loss
0;0;0;231;0;0;0;0;friction material loss
0;0;0;206;0;0;0;0;friction material loss
0;0;0;182;0;0;0;0;friction material loss
0;0;0;194;0;0;0;0;friction material loss
0;0;0;182;0;0;0;0;friction material loss
0;0;0;231;0;0;0;0;friction material loss
0;0;0;169;0;0;0;0;friction material loss
0;0;0;220;0;0;0;0;friction material loss
0;0;0;198;0;0;0;0;friction material loss
0;0;0;176;0;0;0;0;friction material loss
0;0;0;184;0;0;0;0;friction material loss
0;0;0;169;0;0;0;0;friction material loss
0;0;0;122;0;0;0;0;friction material loss
0;0;0;150;0;0;0;0;friction material loss
0;0;0;146;0;0;0;0;friction material loss
0;0;0;212;0;0;0;0;friction material loss
0;0;0;196;0;0;0;0;friction material loss
0;0;0;245;0;0;0;0;friction material loss
0;0;0;211;0;0;0;0;friction material loss
0;25;152;1737;1546;44;0;0;good
0;23;130;1787;1408;27;0;0;good
1;31;163;1806;1493;14;0;0;good
1;34;154;1593;1562;29;0;0;good
2;32;133;1653;1468;26;2;0;good
2;23;138;1699;1436;33;0;0;good
1;31;144;1649;1426;39;1;0;good
2;26;116;1553;1440;36;0;0;good
1;17;125;1498;1358;25;0;0;good
1;32;108;1601;1412;53;0;0;good
2;23;122;1544;1419;33;2;0;good
2;21;123;1508;1367;26;2;0;good
1;28;115;1595;1378;32;2;0;good
2;23;111;1452;1371;24;2;0;good
2;25;117;1316;1571;56;1;0;good
1;24;104;1261;1641;50;0;0;good
0;20;88;1228;1729;60;1;0;good
0;27;91;1254;1673;59;2;0;good
0;24;81;1150;1732;88;2;0;good
2;21;104;1246;1623;81;2;0;good
1;18;103;1432;1399;50;1;0;good
2;28;142;1758;1185;60;4;0;good
3;23;182;1720;1183;29;2;0;good
2;25;135;1699;1282;44;0;0;good
1;16;110;1478;1476;79;1;0;good
0;14;112;1314;1627;77;1;0;good
0;18;89;1276;1755;72;3;0;good
2;23;83;1133;1899;88;6;0;good
0;21;83;1110;1742;121;6;0;good
1;19;89;1289;1813;94;8;2;good
0;22;98;1426;1536;74;3;0;good
1;16;115;1562;1536;45;0;0;good
0;17;137;1730;1356;36;0;0;good
1;25;163;1751;1368;49;7;0;good
1;18;173;1672;1473;72;5;0;good
0;15;112;1590;1541;70;4;1;good
0;12;99;1521;1480;61;5;2;good
0;8;83;1593;1388;73;1;2;good
0;13;100;1744;1347;60;3;0;good
0;14;125;1687;1347;51;1;0;good
0;18;120;1810;1378;61;6;4;good
1;6;106;1903;1270;48;3;1;good
2;17;107;1860;1333;64;0;0;good
3;10;103;1808;1312;76;7;2;good
0;6;96;1763;1344;57;2;0;good
0;8;87;1630;1446;64;3;0;good
0;8;88;1535;1583;94;6;0;good
0;8;77;1475;1751;81;4;0;good
0;9;62;1447;1763;67;3;0;good
0;4;71;1555;1670;71;3;0;good
0;6;70;1367;1775;62;1;0;good
0;6;54;1336;1865;133;2;0;good
0;9;60;1368;1852;110;2;0;good
0;6;63;1344;1945;124;1;0;good
0;7;59;1379;1934;99;0;0;good
0;5;84;1454;1831;100;2;3;good
0;9;76;1551;1833;109;5;0;good
1;17;102;1495;1814;114;7;1;good
0;7;78;1413;1919;128;11;1;good
0;12;83;1481;1777;127;8;2;good
1;8;90;1757;1792;110;2;1;good
0;9;104;1847;1738;93;6;0;good
0;9;94;1763;1575;81;4;1;good
0;6;115;1888;1567;73;2;0;good
0;6;112;1845;1473;56;4;0;good
0;4;108;1858;1531;83;2;0;good
0;7;129;2001;1411;66;6;1;good
0;8;131;2278;1212;63;3;0;good
0;8;152;2389;1217;56;2;0;good
0;11;148;2319;1318;61;6;2;good
0;6;180;2199;1315;65;1;0;good
0;7;147;1988;1477;81;4;2;good
0;11;107;1916;1640;61;3;0;good
0;8;118;1876;1663;67;3;0;good
0;6;118;1983;1518;76;5;1;good
0;9;104;1944;1615;73;7;0;good
0;8;87;1672;1852;68;3;0;good
0;10;87;1599;1877;79;1;0;good
0;19;101;1523;2161;85;1;0;good
0;9;117;1589;1869;109;3;1;good
0;279;1407;1996;1272;926;453;191;pressure plate broken
0;314;1283;1996;1267;901;498;196;pressure plate broken
1;398;1359;1890;1202;884;506;200;pressure plate broken
0;307;1449;1889;1153;812;481;171;pressure plate broken
0;231;1386;1998;1265;919;486;166;pressure plate broken
0;237;1249;2031;1220;912;521;216;pressure plate broken
0;335;1374;1801;1273;884;539;215;pressure plate broken
2;289;1443;1929;1223;899;457;158;pressure plate broken
6;245;1399;2055;1248;850;478;160;pressure plate broken
6;351;1307;2104;1170;750;507;195;pressure plate broken
4;375;1488;1903;1274;880;391;153;pressure plate broken
6;280;1462;1972;1207;894;404;130;pressure plate broken
2;283;1568;1894;1269;857;434;168;pressure plate broken
0;404;1380;2032;1148;747;472;197;pressure plate broken
3;376;1458;1990;1162;887;369;173;pressure plate broken
0;206;1527;2012;1155;949;392;141;pressure plate broken
0;249;1502;1966;1255;827;503;170;pressure plate broken
0;310;1430;1973;1287;792;413;209;pressure plate broken
2;251;1409;2055;1204;848;464;184;pressure plate broken
2;183;1385;2036;1193;926;428;164;pressure plate broken
1;272;1280;1786;1312;865;526;203;pressure plate broken
5;216;1354;1860;1348;833;493;207;pressure plate broken
7;166;1278;1933;1300;943;430;210;pressure plate broken
2;204;1284;1890;1306;840;558;176;pressure plate broken
4;253;1327;1800;1356;732;497;199;pressure plate broken
7;188;1299;1970;1429;854;416;152;pressure plate broken
7;229;1238;2065;1330;835;438;158;pressure plate broken
1;271;1341;1956;1238;829;510;127;pressure plate broken
8;272;1300;1907;1305;751;375;151;pressure plate broken
8;186;1374;2021;1354;867;352;104;pressure plate broken
2;316;1300;2077;1312;753;402;117;pressure plate broken
7;324;1416;1999;1185;796;403;101;pressure plate broken
8;281;1336;2020;1322;732;309;119;pressure plate broken
5;251;1410;2125;1192;818;380;77;pressure plate broken
2;233;1305;2157;1227;720;415;77;pressure plate broken
6;224;1322;1905;1378;829;327;115;pressure plate broken
6;151;1194;2058;1435;793;380;149;pressure plate broken
4;188;1093;2061;1319;846;458;108;pressure plate broken
4;182;1118;1997;1309;836;449;132;pressure plate broken
13;179;1113;1882;1478;796;376;157;pressure plate broken
1;141;1092;2166;1379;865;397;140;pressure plate broken
3;146;1130;2056;1358;876;432;94;pressure plate broken
5;163;1059;1944;1367;804;457;143;pressure plate broken
7;196;1055;2069;1408;824;313;167;pressure plate broken
12;175;1051;2106;1386;875;400;110;pressure plate broken
17;232;1161;1820;1363;926;437;83;pressure plate broken
23;223;1060;1954;1349;766;369;136;pressure plate broken
12;216;1261;1986;1421;760;332;146;pressure plate broken
7;178;1171;2150;1172;847;425;95;pressure plate broken
19;216;1100;1962;1288;858;385;115;pressure plate broken
2;141;1052;2124;1561;674;220;91;pressure plate broken
3;122;1133;2083;1437;784;341;98;pressure plate broken
0;159;1154;2135;1234;836;395;49;pressure plate broken
0;139;1004;2197;1409;731;282;83;pressure plate broken
0;104;1109;2218;1517;659;264;70;pressure plate broken
4;155;1198;2260;1344;739;316;39;pressure plate broken
0;200;1179;2279;1291;699;298;22;pressure plate broken
1;169;1191;2386;1317;543;237;68;pressure plate broken
0;135;1231;2395;1349;650;242;21;pressure plate broken
0;150;1192;2391;1245;718;219;24;pressure plate broken
0;114;1189;2322;1317;693;236;28;pressure plate broken
0;90;1066;2318;1373;644;239;60;pressure plate broken
0;114;971;2308;1314;815;279;57;pressure plate broken
0;104;948;2229;1408;703;381;59;pressure plate broken
0;56;861;2320;1492;731;273;75;pressure plate broken
0;52;964;2168;1626;700;277;48;pressure plate broken
0;109;985;2156;1472;820;276;36;pressure plate broken
0;67;1028;2230;1392;701;318;54;pressure plate broken
1;85;985;2339;1429;662;224;55;pressure plate broken
0;69;959;2302;1473;647;256;41;pressure plate broken
0;106;1023;2255;1524;809;239;10;pressure plate broken
1;103;948;2273;1440;641;265;30;pressure plate broken
2;88;967;2266;1449;683;208;32;pressure plate broken
0;67;943;2264;1429;755;221;39;pressure plate broken
0;105;1033;2165;1422;743;235;33;pressure plate broken
0;81;935;2213;1474;652;211;28;pressure plate broken
0;82;950;2296;1543;660;183;29;pressure plate broken
0;79;1045;2262;1434;699;233;24;pressure plate broken
0;113;876;2348;1455;674;226;28;pressure plate broken
0;64;842;2234;1455;614;185;15;pressure plate broken
0;195;1190;1833;1902;836;247;19;pressure plate worn
0;171;1185;1724;1772;922;295;45;pressure plate worn
0;276;1279;1595;1712;901;335;57;pressure plate worn
1;228;1137;1750;1850;885;272;36;pressure plate worn
0;279;1119;1696;1851;819;308;57;pressure plate worn
1;373;1162;1673;1682;986;379;56;pressure plate worn
0;254;1285;1752;1921;727;207;30;pressure plate worn
0;283;1191;1651;1994;840;213;27;pressure plate worn
0;327;1151;1678;1756;886;333;48;pressure plate worn
0;292;1117;1688;1926;909;247;18;pressure plate worn
0;244;1179;1664;1882;908;198;9;pressure plate worn
1;256;1157;1575;1928;852;256;31;pressure plate worn
0;272;1201;1655;1764;974;226;14;pressure plate worn
0;275;1208;1604;1854;851;180;6;pressure plate worn
0;256;1160;1692;1708;958;153;4;pressure plate worn
0;225;1228;1640;1754;870;181;15;pressure plate worn
0;241;1122;1649;1865;921;126;3;pressure plate worn
0;243;1140;1647;1886;899;188;10;pressure plate worn
0;231;1112;1660;1760;952;184;3;pressure plate worn
1;235;1133;1831;1695;864;186;13;pressure plate worn
0;214;1117;1665;1861;817;140;2;pressure plate worn
0;242;1174;1714;1795;894;112;3;pressure plate worn
1;271;1159;1746;1669;872;228;5;pressure plate worn
0;227;1100;1861;1595;922;159;6;pressure plate worn
0;199;1035;1869;1656;870;203;6;pressure plate worn
0;182;1114;1902;1648;815;199;21;pressure plate worn
0;153;1022;1912;1722;860;228;5;pressure plate worn
0;188;1087;1753;1683;886;267;13;pressure plate worn
0;228;1129;1935;1519;695;412;48;pressure plate worn
0;247;1171;1740;1500;818;288;36;pressure plate worn
0;228;1206;1742;1574;658;398;53;pressure plate worn
1;350;1113;1809;1476;768;406;107;pressure plate worn
1;308;1066;1890;1632;840;332;52;pressure plate worn
0;312;1157;1821;1731;749;290;74;pressure plate worn
0;311;1104;1752;1772;869;299;27;pressure plate worn
0;324;1234;1678;1753;779;322;65;pressure plate worn
1;283;1208;1698;1760;831;230;16;pressure plate worn
0;232;1239;1662;1757;826;230;15;pressure plate worn
0;251;1187;1678;1662;861;232;7;pressure plate worn
0;224;1222;1644;1672;904;169;4;pressure plate worn
0;250;1078;1622;1751;887;158;3;pressure plate worn
2;195;1122;1905;1632;856;237;8;pressure plate worn
1;233;1056;1858;1510;912;222;4;pressure plate worn
1;183;1147;1856;1499;769;304;15;pressure plate worn
0;274;1159;1907;1513;724;338;29;pressure plate worn
1;286;1177;1856;1387;794;377;49;pressure plate worn
0;265;1131;1892;1633;713;369;73;pressure plate worn
1;352;1055;1771;1542;976;409;26;pressure plate worn
0;286;1098;1775;1703;812;394;61;pressure plate worn
0;271;1090;1695;1774;910;269;15;pressure plate worn
0;209;1173;1700;1836;917;216;12;pressure plate worn
0;257;1050;1800;1702;986;215;9;pressure plate worn
0;185;1132;1771;1806;831;188;14;pressure plate worn
0;181;1154;1674;1831;867;159;3;pressure plate worn
0;173;1032;1792;1753;858;154;1;pressure plate worn
1;174;1118;1772;1700;771;261;8;pressure plate worn
0;164;985;1975;1628;775;200;11;pressure plate worn
0;131;1176;1847;1573;766;304;18;pressure plate worn
0;283;1166;1907;1444;710;377;37;pressure plate worn
1;297;1143;1962;1427;741;292;67;pressure plate worn
0;336;1151;1924;1633;755;294;18;pressure plate worn
2;329;1142;1820;1557;865;286;58;pressure plate worn
1;299;1095;1780;1714;878;240;9;pressure plate worn
0;190;1117;1574;1869;910;181;9;pressure plate worn
0;220;1043;1677;1646;954;138;5;pressure plate worn
0;89;1068;1842;1765;751;198;4;pressure plate worn
0;139;1035;1765;1732;834;148;2;pressure plate worn
0;118;1064;1897;1681;774;249;17;pressure plate worn
0;153;1159;1832;1609;723;330;30;pressure plate worn
0;174;1121;1806;1543;722;327;24;pressure plate worn
1;201;1067;1915;1747;630;361;60;pressure plate worn
0;258;1156;1865;1495;908;356;25;pressure plate worn
1;270;1118;1800;1716;710;378;44;pressure plate worn
0;217;1065;1811;1764;877;183;2;pressure plate worn
0;180;1108;1878;1819;784;177;18;pressure plate worn
0;257;1018;1821;1785;866;144;5;pressure plate worn
0;149;1081;1878;1663;781;159;5;pressure plate worn
1;128;1000;1976;1749;787;141;2;pressure plate worn
1;108;1069;1924;1467;739;260;15;pressure plate worn
0;151;1004;1945;1579;714;283;11;pressure plate worn
7;681;1582;1694;1203;796;364;363;tangential strip bent
6;612;1665;1688;1158;828;438;349;tangential strip bent
10;662;1597;1626;1215;736;391;405;tangential strip bent
9;665;1664;1703;1151;826;428;435;tangential strip bent
9;683;1596;1608;1156;821;485;317;tangential strip bent
9;667;1466;1711;1151;822;426;417;tangential strip bent
3;707;1654;1532;1168;871;473;329;tangential strip bent
5;643;1612;1813;1089;700;432;367;tangential strip bent
3;691;1716;1606;1163;822;508;351;tangential strip bent
3;655;1580;1557;1110;852;449;358;tangential strip bent
5;622;1512;1664;1134;918;504;382;tangential strip bent
5;643;1495;1596;1193;840;530;340;tangential strip bent
7;667;1599;1661;1139;872;455;422;tangential strip bent
7;706;1686;1598;1120;864;430;408;tangential strip bent
3;718;1706;1579;1179;739;439;385;tangential strip bent
7;742;1587;1720;1159;807;459;413;tangential strip bent
5;808;1495;1607;1153;805;391;477;tangential strip bent
7;720;1566;1618;1127;836;500;424;tangential strip bent
2;678;1528;1629;1104;789;453;484;tangential strip bent
15;703;1689;1528;1117;779;472;503;tangential strip bent
2;741;1582;1636;1158;780;512;423;tangential strip bent
5;759;1435;1761;1121;761;431;435;tangential strip bent
3;867;1535;1625;1095;850;479;459;tangential strip bent
6;776;1600;1630;1116;660;465;434;tangential strip bent
7;745;1531;1635;1155;870;560;402;tangential strip bent
11;837;1520;1409;1189;813;513;366;tangential strip bent
7;713;1660;1552;1186;881;496;412;tangential strip bent
12;833;1606;1537;1084;871;478;386;tangential strip bent
4;832;1640;1598;1156;829;474;379;tangential strip bent
10;773;1715;1485;1193;870;488;332;tangential strip bent
6;889;1647;1529;1156;732;511;393;tangential strip bent
10;734;1670;1486;1195;926;465;439;tangential strip bent
13;682;1586;1639;1186;806;495;375;tangential strip bent
7;718;1597;1589;1191;928;499;415;tangential strip bent
5;704;1558;1632;1256;884;476;400;tangential strip bent
3;729;1728;1545;1135;893;448;399;tangential strip bent
5;733;1699;1568;1129;846;457;336;tangential strip bent
7;641;1651;1655;1135;797;514;375;tangential strip bent
1;739;1600;1524;1178;942;546;331;tangential strip bent
6;653;1490;1676;1168;810;484;359;tangential strip bent
2;603;1764;1520;1163;907;538;336;tangential strip bent
4;664;1617;1626;1185;821;482;305;tangential strip bent
3;643;1814;1590;1130;848;504;356;tangential strip bent
2;647;1730;1630;1114;919;462;222;tangential strip bent
5;594;1616;1741;1187;840;439;318;tangential strip bent
2;678;1664;1478;1211;1001;475;258;tangential strip bent
2;632;1631;1749;1258;816;426;307;tangential strip bent
1;455;1787;1622;1283;908;482;263;tangential strip bent
3;559;1611;1753;1202;845;426;287;tangential strip bent
1;507;1733;1766;1153;944;456;258;tangential strip bent
2;545;1664;1840;1239;802;358;242;tangential strip bent
1;547;1720;1781;1115;886;438;316;tangential strip bent
3;453;1838;1752;1253;839;392;254;tangential strip bent
0;407;1614;1923;1287;873;426;292;tangential strip bent
0;396;1719;1757;1271;935;416;258;tangential strip bent
1;453;1630;1882;1285;793;391;265;tangential strip bent
0;442;1649;1999;1162;838;424;252;tangential strip bent
3;476;1618;1831;1324;796;413;232;tangential strip bent
3;421;1770;1900;1300;823;410;221;tangential strip bent
0;426;1692;1789;1333;787;426;187;tangential strip bent
0;373;1695;1915;1324;786;428;252;tangential strip bent
3;374;1671;1838;1250;853;463;217;tangential strip bent
4;394;1655;2006;1066;825;467;213;tangential strip bent
3;335;1667;1945;1153;840;489;204;tangential strip bent
1;382;1565;1991;1095;813;410;221;tangential strip bent
1;355;1632;1942;955;797;599;212;tangential strip bent
1;325;1603;1999;967;691;506;206;tangential strip bent
1;266;1598;1902;1046;798;610;134;tangential strip bent
0;280;1577;1990;1122;632;590;251;tangential strip bent
1;190;1489;2157;1342;755;476;227;tangential strip bent
0;260;1531;2042;1210;718;451;242;tangential strip bent
1;265;1516;2172;1220;755;465;216;tangential strip bent
0;310;1571;2028;1220;738;319;228;tangential strip bent
3;247;1502;2142;1193;696;458;203;tangential strip bent
2;299;1568;1994;1194;777;402;213;tangential strip bent
2;245;1395;2122;1168;806;469;222;tangential strip bent
2;226;1476;1923;1300;778;501;220;tangential strip bent
3;211;1325;2056;1245;860;416;245;tangential strip bent
7;214;1447;2029;1130;880;514;187;tangential strip bent
6;258;1279;1991;1011;850;477;240;tangential strip bent
